SalesRepID,FirstName,LastName,HireDate,Region
SR01,Arun,Kapoor,15-03-2020,North
SR02,divya, malhotra,01-07-2019,West
SR03, Sanjay, Mehta,10-01-2021,South
SR04, Preeti,Choudhury,05-11-2020,East
SR05,Anjali,Menon,03-12-2019,Northwest
SR06, Vikrant,Singhania,20-09-2019,Central
SR07,Nisha, iyer,30-04-2021,Southwest
SR08, Rahul, Saxena,12-06-2020,Northeast
SR09, Arjun,Reddy ,18-02-2021,Southeast
SR10,Kavita,Sharma,22-08-2020,North Central
SR11, arun, Kapoor,16-03-2020,North
SR12,Divya ,malhotra,02-07-2019,West
SR13,sanjay,Mehta,11-01-2021,South
SR14, Preeti, Choudhury,06-11-2020,East
SR15,anjali,menon,04-12-2019,Northwest
SR16, Vikrant,Singhania,21-09-2019,Central
SR17,Nisha ,Iyer,2021-04-31,Southwest
SR18,Rahul, Saxena,13-06-2020,Northeast
SR19, Arjun,Reddy,19-02-2021,Southeast
SR20, kavita,Sharma,23-08-2020,North Central
SR21,Arun, Kapoor,17-03-2020,North
SR22, Divya,Malhotra,03-07-2019,West
SR23, sanjay, Mehta,12-01-2021,South
SR24,Preeti, Choudhury,07-11-2020,East
SR25,Anjali,Menon,05-12-2019,Northwest
SR26,vikrant,singhania,22-09-2019,Central
SR27, Nisha, Iyer,2021-04-32,Southwest
SR28, Rahul,Saxena,14-06-2020,Northeast
SR29,Arjun, Reddy,20-02-2021,Southeast
SR30, Kavita, Sharma,24-08-2020,North Central
SR31,Arun,Kapoor,18-03-2020,North
SR32,Divya, Malhotra,04-07-2019,West
SR33, sanjay,Mehta,13-01-2021,South
SR34,Preeti, Choudhury,08-11-2020,East
SR35, Anjali,menon,06-12-2019,Northwest
SR36,Vikrant,Singhania,23-09-2019,Central
SR37,Nisha,Iyer,2021-04-33,Southwest
SR38, Rahul, saxena,15-06-2020,Northeast
SR39,Arjun, Reddy,21-02-2021,Southeast
SR40, Kavita,Sharma,25-08-2020,North Central
SR41, Arun,Kapoor ,19-03-2020,North
SR42,divya,malhotra,05-07-2019,West
SR43,Sanjay, Mehta,14-01-2021,South
SR44,Preeti, Choudhury,09-11-2020,East
SR45,anjali,menon,07-12-2019,Northwest
SR46, Vikrant,Singhania,24-09-2019,Central
SR47,Nisha, Iyer,2021-04-34,Southwest
SR48, Rahul,Saxena,16-06-2020,Northeast
SR49,Arjun, Reddy,22-02-2021,Southeast
SR50, Kavita, Sharma,26-08-2020,North Central
